"Original passenger flow details Start time:2026-01-07 00:00:00 Ending Time:2026-01-07 23:59:59","","","","","","","","","","","","","","","","","","","","","","","",""
"Line","Plate","Bus ID","Driver","Direction","Station Number (Required)","Station Name","Passenger flow time","Time of Date Recieved By Platform","Number Of Boarding Passengers(Person)","Number Of Alighting Passengers(Person)","Passengers Carried(Person)","Full load rate (%)","Door 1","","Door 2","","Door 3","","Door 4","","Door 5","","Door 6",""
"","","","","","","","","","","","","","Boarding","Alighting","Boarding","Alighting","Boarding","Alighting","Boarding","Alighting","Boarding","Alighting","Boarding","Alighting"
"","00C4006AB0","123456","","Up","0","-30.080165，-51.02562","2026-01-07 05:42:23","2026-01-07 05:42:24","1","0","96","192","1","0","-","-","-","-","-","-","-","-","-","-"
"","00C4006AB0","123456","","Up","0","-30.080133，-51.025498","2026-01-07 05:42:24","2026-01-07 05:42:23","1","0","96","192","1","0","-","-","-","-","-","-","-","-","-","-"
"","00C4006AB0","123456","","Up","0","-30.080185，-51.025678","2026-01-07 05:42:25","2026-01-07 05:42:25","0","0","96","192","-","-","0","0","-","-","-","-","-","-","-","-"
"","00C4006AB0","123456","","Up","0","-30.122616，-51.085183","2026-01-07 06:22:27","2026-01-07 06:22:27","3","0","99","198","3","0","-","-","-","-","-","-","-","-","-","-"
"","00C4006AB0","123456","","Up","0","-30.12488，-51.084698","2026-01-07 06:23:09","2026-01-07 06:23:09","2","0","101","202","2","0","-","-","-","-","-","-","-","-","-","-"
"","00C4006AB0","123456","","Up","0","-30.125503，-51.084008","2026-01-07 06:23:57","2026-01-07 06:23:56","5","0","106","212","5","0","-","-","-","-","-","-","-","-","-","-"
"","00C4006AB0","123456","","Up","0","-30.124281，-51.083846","2026-01-07 06:24:47","2026-01-07 06:24:46","1","0","107","214","1","0","-","-","-","-","-","-","-","-","-","-"
"","00C4006AB0","123456","","Up","0","-30.120486，-51.083321","2026-01-07 06:26:09","2026-01-07 06:26:08","3","0","110","220","3","0","-","-","-","-","-","-","-","-","-","-"
"","00C4006AB0","123456","","Up","0","-30.11555，-51.080593","2026-01-07 06:27:28","2026-01-07 06:27:28","2","0","112","224","2","0","-","-","-","-","-","-","-","-","-","-"
"","00C4006AB0","123456","","Up","0","-30.114166，-51.078833","2026-01-07 06:28:16","2026-01-07 06:28:16","4","0","116","232","4","0","-","-","-","-","-","-","-","-","-","-"
"","00C4006AB0","123456","","Up","0","-30.114015，-51.077139","2026-01-07 06:29:16","2026-01-07 06:29:15","2","0","118","236","2","0","-","-","-","-","-","-","-","-","-","-"
"","00C4006AB0","123456","","Up","0","-30.115015，-51.07511","2026-01-07 06:30:55","2026-01-07 06:30:55","10","0","128","256","10","0","-","-","-","-","-","-","-","-","-","-"
"","00C4006AB0","123456","","Up","0","-30.116716，-51.075646","2026-01-07 06:32:01","2026-01-07 06:32:00","6","0","134","268","6","0","-","-","-","-","-","-","-","-","-","-"
"","00C4006AB0","123456","","Up","0","-30.119951，-51.075526","2026-01-07 06:33:11","2026-01-07 06:33:11","3","0","137","274","3","0","-","-","-","-","-","-","-","-","-","-"
"","00C4006AB0","123456","","Up","0","-30.121315，-51.07425","2026-01-07 06:34:28","2026-01-07 06:34:28","7","0","144","288","7","0","-","-","-","-","-","-","-","-","-","-"
"","00C4006AB0","123456","","Up","0","-30.118035，-51.074681","2026-01-07 06:35:36","2026-01-07 06:35:36","3","0","147","294","3","0","-","-","-","-","-","-","-","-","-","-"
"","00C4006AB0","123456","","Up","0","-30.116016，-51.073905","2026-01-07 06:38:38","2026-01-07 06:38:38","1","1","147","294","1","1","-","-","-","-","-","-","-","-","-","-"
"","00C4006AB0","123456","","Up","0","-30.116016，-51.073905","2026-01-07 06:38:40","2026-01-07 06:38:39","2","1","148","296","-","-","2","1","-","-","-","-","-","-","-","-"
"","00C4006AB0","123456","","Up","0","-30.113783，-51.074356","2026-01-07 06:39:33","2026-01-07 06:39:33","1","0","149","298","1","0","-","-","-","-","-","-","-","-","-","-"
"","00C4006AB0","123456","","Up","0","-30.11234，-51.075513","2026-01-07 06:40:16","2026-01-07 06:40:16","1","0","150","300","1","0","-","-","-","-","-","-","-","-","-","-"
"","00C4006AB0","123456","","Up","0","-30.111128，-51.076023","2026-01-07 06:40:53","2026-01-07 06:40:52","2","0","152","304","2","0","-","-","-","-","-","-","-","-","-","-"
"","00C4006AB0","123456","","Up","0","-30.10362，-51.077583","2026-01-07 06:42:22","2026-01-07 06:42:22","3","0","155","310","3","0","-","-","-","-","-","-","-","-","-","-"
"","00C4006AB0","123456","","Up","0","-30.100693，-51.07431","2026-01-07 06:44:11","2026-01-07 06:44:11","1","0","156","312","1","0","-","-","-","-","-","-","-","-","-","-"
"","00C4006AB0","123456","","Up","0","-30.101501，-51.072695","2026-01-07 06:44:41","2026-01-07 06:44:41","1","0","157","314","1","0","-","-","-","-","-","-","-","-","-","-"
"","00C4006AB0","123456","","Up","0","-30.103795，-51.068991","2026-01-07 06:45:40","2026-01-07 06:45:40","1","0","158","316","1","0","-","-","-","-","-","-","-","-","-","-"
"","00C4006AB0","123456","","Up","0","-30.102516，-51.068858","2026-01-07 06:46:34","2026-01-07 06:46:33","3","0","161","322","3","0","-","-","-","-","-","-","-","-","-","-"
"","00C4006AB0","123456","","Up","0","-30.102226，-51.070948","2026-01-07 06:47:23","2026-01-07 06:47:23","2","0","163","326","2","0","-","-","-","-","-","-","-","-","-","-"
"","00C4006AB0","123456","","Up","0","-30.09563，-51.079788","2026-01-07 06:50:29","2026-01-07 06:50:29","1","1","163","326","1","1","-","-","-","-","-","-","-","-","-","-"
"","00C4006AB0","123456","","Up","0","-30.09563，-51.079788","2026-01-07 06:50:30","2026-01-07 06:50:30","0","3","160","320","-","-","0","3","-","-","-","-","-","-","-","-"
"","00C4006AB0","123456","","Up","0","-30.09563，-51.079788","2026-01-07 06:51:08","2026-01-07 06:51:08","0","1","159","318","0","1","-","-","-","-","-","-","-","-","-","-"
"","00C4006AB0","123456","","Up","0","-30.094485，-51.079701","2026-01-07 06:52:09","2026-01-07 06:52:09","0","4","155","310","-","-","0","4","-","-","-","-","-","-","-","-"
"","00C4006AB0","123456","","Up","0","-30.094485，-51.079701","2026-01-07 06:52:23","2026-01-07 06:52:23","5","0","160","320","5","0","-","-","-","-","-","-","-","-","-","-"
"","00C4006AB0","123456","","Up","0","-30.091833，-51.08362","2026-01-07 06:53:32","2026-01-07 06:53:32","2","0","162","324","2","0","-","-","-","-","-","-","-","-","-","-"
"","00C4006AB0","123456","","Up","0","-30.089921，-51.088633","2026-01-07 06:55:04","2026-01-07 06:55:05","2","0","164","328","2","0","-","-","-","-","-","-","-","-","-","-"
"","00C4006AB0","123456","","Up","0","-30.088306，-51.091168","2026-01-07 06:55:47","2026-01-07 06:55:47","0","1","163","326","-","-","0","1","-","-","-","-","-","-","-","-"
"","00C4006AB0","123456","","Up","0","-30.082015，-51.097395","2026-01-07 06:57:06","2026-01-07 06:57:06","0","1","162","324","-","-","0","1","-","-","-","-","-","-","-","-"
"","00C4006AB0","123456","","Up","0","-30.080853，-51.101628","2026-01-07 06:58:53","2026-01-07 06:58:53","3","0","165","330","3","0","-","-","-","-","-","-","-","-","-","-"
"","00C4006AB0","123456","","Up","0","-30.080191，-51.103486","2026-01-07 06:59:50","2026-01-07 06:59:50","1","0","166","332","1","0","-","-","-","-","-","-","-","-","-","-"
"","00C4006AB0","123456","","Up","0","-30.078348，-51.107005","2026-01-07 07:00:45","2026-01-07 07:00:44","1","1","166","332","1","1","-","-","-","-","-","-","-","-","-","-"
"","00C4006AB0","123456","","Up","0","-30.07829，-51.107211","2026-01-07 07:00:46","2026-01-07 07:00:46","0","0","166","332","-","-","0","0","-","-","-","-","-","-","-","-"
"","00C4006AB0","123456","","Up","0","-30.078786，-51.11667","2026-01-07 07:03:42","2026-01-07 07:03:42","0","5","161","322","-","-","0","5","-","-","-","-","-","-","-","-"
"","00C4006AB0","123456","","Up","0","-30.078786，-51.11667","2026-01-07 07:04:20","2026-01-07 07:04:20","0","1","160","320","-","-","0","1","-","-","-","-","-","-","-","-"
"","00C4006AB0","123456","","Up","0","-30.078786，-51.11667","2026-01-07 07:04:42","2026-01-07 07:04:41","1","0","161","322","1","0","-","-","-","-","-","-","-","-","-","-"
"","00C4006AB0","123456","","Up","0","-30.076833，-51.127296","2026-01-07 07:06:19","2026-01-07 07:06:18","0","1","160","320","-","-","0","1","-","-","-","-","-","-","-","-"
"","00C4006AB0","123456","","Up","0","-30.07652，-51.12994","2026-01-07 07:06:55","2026-01-07 07:06:55","0","0","160","320","-","-","0","0","-","-","-","-","-","-","-","-"
"","00C4006AB0","123456","","Up","0","-30.076548，-51.12975","2026-01-07 07:06:56","2026-01-07 07:06:56","0","1","159","318","0","1","-","-","-","-","-","-","-","-","-","-"
"","00C4006AB0","123456","","Up","0","-30.075258，-51.134476","2026-01-07 07:08:37","2026-01-07 07:08:37","0","1","158","316","-","-","0","1","-","-","-","-","-","-","-","-"
"","00C4006AB0","123456","","Up","0","-30.066491，-51.150253","2026-01-07 07:11:09","2026-01-07 07:11:09","0","1","157","314","-","-","0","1","-","-","-","-","-","-","-","-"
"","00C4006AB0","123456","","Up","0","-30.06268，-51.150528","2026-01-07 07:12:47","2026-01-07 07:12:47","0","1","156","312","-","-","0","1","-","-","-","-","-","-","-","-"
"","00C4006AB0","123456","","Up","0","-30.055491，-51.163671","2026-01-07 07:15:09","2026-01-07 07:15:09","0","1","155","310","-","-","0","1","-","-","-","-","-","-","-","-"
"","00C4006AB0","123456","","Up","0","-30.055465，-51.168225","2026-01-07 07:16:29","2026-01-07 07:16:28","0","1","154","308","0","1","-","-","-","-","-","-","-","-","-","-"
"","00C4006AB0","123456","","Up","0","-30.055465，-51.168225","2026-01-07 07:16:33","2026-01-07 07:16:33","0","4","150","300","-","-","0","4","-","-","-","-","-","-","-","-"
"","00C4006AB0","123456","","Up","0","-30.056563，-51.174275","2026-01-07 07:17:42","2026-01-07 07:17:42","0","2","148","296","-","-","0","2","-","-","-","-","-","-","-","-"
"","00C4006AB0","123456","","Up","0","-30.057563，-51.184133","2026-01-07 07:20:25","2026-01-07 07:20:25","0","3","145","290","-","-","0","3","-","-","-","-","-","-","-","-"
"","00C4006AB0","123456","","Up","0","-30.056205，-51.186978","2026-01-07 07:21:25","2026-01-07 07:21:24","0","0","145","290","0","0","-","-","-","-","-","-","-","-","-","-"
"","00C4006AB0","123456","","Up","0","-30.056253，-51.186885","2026-01-07 07:21:27","2026-01-07 07:21:28","0","7","138","276","-","-","0","7","-","-","-","-","-","-","-","-"
"","00C4006AB0","123456","","Up","0","-30.055226，-51.189001","2026-01-07 07:22:58","2026-01-07 07:22:57","0","4","134","268","-","-","0","4","-","-","-","-","-","-","-","-"
"","00C4006AB0","123456","","Up","0","-30.05249，-51.193338","2026-01-07 07:23:53","2026-01-07 07:23:53","0","1","133","266","-","-","0","1","-","-","-","-","-","-","-","-"
"","00C4006AB0","123456","","Up","0","-30.043151，-51.200595","2026-01-07 07:26:42","2026-01-07 07:26:41","0","1","132","264","-","-","0","1","-","-","-","-","-","-","-","-"
"","00C4006AB0","123456","","Up","0","-30.043193，-51.206074","2026-01-07 07:29:29","2026-01-07 07:29:28","0","5","127","254","-","-","0","5","-","-","-","-","-","-","-","-"
"","00C4006AB0","123456","","Up","0","-30.043193，-51.206074","2026-01-07 07:29:32","2026-01-07 07:29:31","1","1","127","254","1","1","-","-","-","-","-","-","-","-","-","-"
"","00C4006AB0","123456","","Up","0","-30.044275，-51.207968","2026-01-07 07:30:04","2026-01-07 07:30:03","0","2","127","254","-","-","0","2","-","-","-","-","-","-","-","-"
"","00C4006AB0","123456","","Up","0","-30.046225，-51.211268","2026-01-07 07:31:06","2026-01-07 07:31:06","0","1","124","248","-","-","0","1","-","-","-","-","-","-","-","-"
"","00C4006AB0","123456","","Up","0","-30.045065，-51.213421","2026-01-07 07:31:57","2026-01-07 07:31:56","0","3","121","242","-","-","0","3","-","-","-","-","-","-","-","-"
"","00C4006AB0","123456","","Up","0","-30.042013，-51.215713","2026-01-07 07:32:45","2026-01-07 07:32:45","0","2","119","238","-","-","0","2","-","-","-","-","-","-","-","-"
"","00C4006AB0","123456","","Up","0","-30.037696，-51.219133","2026-01-07 07:34:40","2026-01-07 07:34:41","0","2","117","234","-","-","0","2","-","-","-","-","-","-","-","-"
"","00C4006AB0","123456","","Up","0","-30.035113，-51.220709","2026-01-07 07:35:44","2026-01-07 07:35:44","0","1","116","232","-","-","0","1","-","-","-","-","-","-","-","-"
"","00C4006AB0","123456","","Up","0","-30.033148，-51.218833","2026-01-07 07:36:58","2026-01-07 07:36:58","0","3","113","226","-","-","0","3","-","-","-","-","-","-","-","-"
"","00C4006AB0","123456","","Up","0","-30.023803，-51.219938","2026-01-07 07:39:11","2026-01-07 07:39:11","0","2","111","222","-","-","0","2","-","-","-","-","-","-","-","-"
"","00C4006AB0","123456","","Up","0","-30.026071，-51.221135","2026-01-07 07:42:08","2026-01-07 07:42:08","0","1","110","220","0","1","-","-","-","-","-","-","-","-","-","-"
"","00C4006AB0","123456","","Up","0","-30.026071，-51.221135","2026-01-07 07:42:10","2026-01-07 07:42:10","0","2","108","216","-","-","0","2","-","-","-","-","-","-","-","-"
"","00C4006AB0","123456","","Up","0","-30.02642，-51.221669","2026-01-07 07:59:34","2026-01-07 07:59:34","0","0","108","216","0","0","-","-","-","-","-","-","-","-","-","-"
"","00C4006AB0","123456","","Up","0","-30.037523，-51.23215","2026-01-07 08:08:54","2026-01-07 08:08:54","0","0","108","216","-","-","0","0","-","-","-","-","-","-","-","-"
"","00C4006AB0","123456","","Up","0","-30.03752，-51.232236","2026-01-07 08:08:55","2026-01-07 08:08:55","0","1","107","214","0","1","-","-","-","-","-","-","-","-","-","-"
"","00C4006AB0","123456","","Up","0","-30.037628，-51.225598","2026-01-07 08:11:36","2026-01-07 08:11:36","1","0","108","216","1","0","-","-","-","-","-","-","-","-","-","-"
"","00C4006AB0","123456","","Up","0","-30.043025，-51.214903","2026-01-07 08:16:41","2026-01-07 08:16:41","1","0","109","218","1","0","-","-","-","-","-","-","-","-","-","-"
"","00C4006AB0","123456","","Up","0","-30.04973，-51.213165","2026-01-07 08:19:10","2026-01-07 08:19:10","3","0","112","224","3","0","-","-","-","-","-","-","-","-","-","-"
"","00C4006AB0","123456","","Up","0","-30.051163，-51.209563","2026-01-07 08:21:27","2026-01-07 08:21:28","3","0","115","230","3","0","-","-","-","-","-","-","-","-","-","-"
"","00C4006AB0","123456","","Up","0","-30.059443，-51.192895","2026-01-07 08:26:28","2026-01-07 08:26:28","1","0","116","232","1","0","-","-","-","-","-","-","-","-","-","-"
"","00C4006AB0","123456","","Up","0","-30.062078，-51.188193","2026-01-07 08:27:58","2026-01-07 08:27:58","1","0","117","234","1","0","-","-","-","-","-","-","-","-","-","-"
"","00C4006AB0","123456","","Up","0","-30.063236，-51.185935","2026-01-07 08:29:12","2026-01-07 08:29:13","4","0","121","242","4","0","-","-","-","-","-","-","-","-","-","-"
"","00C4006AB0","123456","","Up","0","-30.072343，-51.139141","2026-01-07 08:38:48","2026-01-07 08:38:49","0","0","121","242","0","0","-","-","-","-","-","-","-","-","-","-"
"","00C4006AB0","123456","","Up","0","-30.075355，-51.134351","2026-01-07 08:40:00","2026-01-07 08:40:01","2","0","123","246","2","0","-","-","-","-","-","-","-","-","-","-"
"","00C4006AB0","123456","","Up","0","-30.079075，-51.11613","2026-01-07 08:43:04","2026-01-07 08:43:04","1","1","123","246","1","1","-","-","-","-","-","-","-","-","-","-"
"","00C4006AB0","123456","","Up","0","-30.079075，-51.11613","2026-01-07 08:43:08","2026-01-07 08:43:08","1","0","124","248","-","-","1","0","-","-","-","-","-","-","-","-"
"","00C4006AB0","123456","","Up","0","-30.079075，-51.11613","2026-01-07 08:44:14","2026-01-07 08:44:15","2","1","125","250","2","1","-","-","-","-","-","-","-","-","-","-"
"","00C4006AB0","123456","","Up","0","-30.078733，-51.106451","2026-01-07 08:46:10","2026-01-07 08:46:10","1","0","126","252","1","0","-","-","-","-","-","-","-","-","-","-"
"","00C4006AB0","123456","","Up","0","-30.078733，-51.106451","2026-01-07 08:46:11","2026-01-07 08:46:12","0","2","124","248","-","-","0","2","-","-","-","-","-","-","-","-"
"","00C4006AB0","123456","","Up","0","-30.080488，-51.10333","2026-01-07 08:46:57","2026-01-07 08:46:58","1","0","125","250","1","0","-","-","-","-","-","-","-","-","-","-"
"","00C4006AB0","123456","","Up","0","-30.08092，-51.100923","2026-01-07 08:48:09","2026-01-07 08:48:09","0","0","125","250","-","-","0","0","-","-","-","-","-","-","-","-"
"","00C4006AB0","123456","","Up","0","-30.08217，-51.09758","2026-01-07 08:49:12","2026-01-07 08:49:12","3","0","128","256","3","0","-","-","-","-","-","-","-","-","-","-"
"","00C4006AB0","123456","","Up","0","-30.084021，-51.095878","2026-01-07 08:50:01","2026-01-07 08:50:02","1","0","129","258","1","0","-","-","-","-","-","-","-","-","-","-"
"","00C4006AB0","123456","","Up","0","-30.090188，-51.088488","2026-01-07 08:51:48","2026-01-07 08:51:49","0","1","128","256","-","-","0","1","-","-","-","-","-","-","-","-"
"","00C4006AB0","123456","","Up","0","-30.094761，-51.080683","2026-01-07 08:53:21","2026-01-07 08:53:21","1","0","129","258","1","0","-","-","-","-","-","-","-","-","-","-"
"","00C4006AB0","123456","","Up","0","-30.094761，-51.080683","2026-01-07 08:53:23","2026-01-07 08:53:24","0","2","127","254","-","-","0","2","-","-","-","-","-","-","-","-"
"","00C4006AB0","123456","","Up","0","-30.095353，-51.079818","2026-01-07 08:54:30","2026-01-07 08:54:30","1","0","128","256","1","0","-","-","-","-","-","-","-","-","-","-"
"","00C4006AB0","123456","","Up","0","-30.095353，-51.079818","2026-01-07 08:54:30","2026-01-07 08:54:30","0","1","127","254","-","-","0","1","-","-","-","-","-","-","-","-"
"","00C4006AB0","123456","","Up","0","-30.100743，-51.074284","2026-01-07 08:57:35","2026-01-07 08:57:35","1","0","128","256","1","0","-","-","-","-","-","-","-","-","-","-"
"","00C4006AB0","123456","","Up","0","-30.101603，-51.07254","2026-01-07 08:58:16","2026-01-07 08:58:16","1","0","129","258","1","0","-","-","-","-","-","-","-","-","-","-"
"","00C4006AB0","123456","","Up","0","-30.101603，-51.07254","2026-01-07 08:58:19","2026-01-07 08:58:19","0","3","126","252","-","-","0","3","-","-","-","-","-","-","-","-"
"","00C4006AB0","123456","","Up","0","-30.10248，-51.07045","2026-01-07 08:58:58","2026-01-07 08:58:59","2","0","128","256","2","0","-","-","-","-","-","-","-","-","-","-"
"","00C4006AB0","123456","","Up","0","-30.103843，-51.069006","2026-01-07 08:59:49","2026-01-07 08:59:50","0","1","127","254","-","-","0","1","-","-","-","-","-","-","-","-"
"","00C4006AB0","123456","","Up","0","-30.103843，-51.069006","2026-01-07 08:59:50","2026-01-07 08:59:51","1","0","128","256","1","0","-","-","-","-","-","-","-","-","-","-"
"","00C4006AB0","123456","","Up","0","-30.102858，-51.068376","2026-01-07 09:00:18","2026-01-07 09:00:18","0","1","127","254","-","-","0","1","-","-","-","-","-","-","-","-"
"","00C4006AB0","123456","","Up","0","-30.103111，-51.067258","2026-01-07 09:00:51","2026-01-07 09:00:50","0","1","126","252","-","-","0","1","-","-","-","-","-","-","-","-"
"","00C4006AB0","123456","","Up","0","-30.102293，-51.066098","2026-01-07 09:01:29","2026-01-07 09:01:30","1","0","127","254","1","0","-","-","-","-","-","-","-","-","-","-"
"","00C4006AB0","123456","","Up","0","-30.101276，-51.064838","2026-01-07 09:02:15","2026-01-07 09:02:16","1","0","128","256","1","0","-","-","-","-","-","-","-","-","-","-"
"","00C4006AB0","123456","","Up","0","-30.101276，-51.064838","2026-01-07 09:02:18","2026-01-07 09:02:18","0","3","125","250","-","-","0","3","-","-","-","-","-","-","-","-"
"","00C4006AB0","123456","","Up","0","-30.100095，-51.063061","2026-01-07 09:02:54","2026-01-07 09:02:55","0","0","125","250","-","-","0","0","-","-","-","-","-","-","-","-"
"","00C4006AB0","123456","","Up","0","-30.100095，-51.063061","2026-01-07 09:03:05","2026-01-07 09:03:06","5","2","128","256","5","2","-","-","-","-","-","-","-","-","-","-"
"","00C4006AB0","123456","","Up","0","-30.098835，-51.061206","2026-01-07 09:03:56","2026-01-07 09:03:56","0","1","127","254","-","-","0","1","-","-","-","-","-","-","-","-"
"","00C4006AB0","123456","","Up","0","-30.098835，-51.061206","2026-01-07 09:04:08","2026-01-07 09:04:08","4","0","131","262","4","0","-","-","-","-","-","-","-","-","-","-"
"","00C4006AB0","123456","","Up","0","-30.096403，-51.058316","2026-01-07 09:06:20","2026-01-07 09:06:20","2","0","133","266","2","0","-","-","-","-","-","-","-","-","-","-"
"","00C4006AB0","123456","","Up","0","-30.096403，-51.058316","2026-01-07 09:06:22","2026-01-07 09:06:22","0","1","132","264","-","-","0","1","-","-","-","-","-","-","-","-"
"","00C4006AB0","123456","","Up","0","-30.098725，-51.05527","2026-01-07 09:07:22","2026-01-07 09:07:22","0","1","131","262","-","-","0","1","-","-","-","-","-","-","-","-"
"","00C4006AB0","123456","","Up","0","-30.098725，-51.05527","2026-01-07 09:08:59","2026-01-07 09:09:00","16","1","146","292","16","1","-","-","-","-","-","-","-","-","-","-"
"","00C4006AB0","123456","","Up","0","-30.099331，-51.053185","2026-01-07 09:09:41","2026-01-07 09:09:42","2","0","148","296","2","0","-","-","-","-","-","-","-","-","-","-"
"","00C4006AB0","123456","","Up","0","-30.099645，-51.048181","2026-01-07 09:10:35","2026-01-07 09:10:36","0","2","146","292","-","-","0","2","-","-","-","-","-","-","-","-"
"","00C4006AB0","123456","","Up","0","-30.097136，-51.04738","2026-01-07 09:11:35","2026-01-07 09:11:35","1","0","147","294","1","0","-","-","-","-","-","-","-","-","-","-"
"","00C4006AB0","123456","","Up","0","-30.095121，-51.048073","2026-01-07 09:12:14","2026-01-07 09:12:15","1","0","148","296","1","0","-","-","-","-","-","-","-","-","-","-"
"","00C4006AB0","123456","","Up","0","-30.0934，-51.0494","2026-01-07 09:13:07","2026-01-07 09:13:06","1","0","149","298","1","0","-","-","-","-","-","-","-","-","-","-"
"","00C4006AB0","123456","","Up","0","-30.094945，-51.048975","2026-01-07 09:14:22","2026-01-07 09:14:23","2","0","151","302","2","0","-","-","-","-","-","-","-","-","-","-"
"","00C4006AB0","123456","","Up","0","-30.097641，-51.044636","2026-01-07 09:17:06","2026-01-07 09:17:07","2","0","153","306","2","0","-","-","-","-","-","-","-","-","-","-"
"","00C4006AB0","123456","","Up","0","-30.09568，-51.044241","2026-01-07 09:17:58","2026-01-07 09:17:58","6","0","159","318","6","0","-","-","-","-","-","-","-","-","-","-"
"","00C4006AB0","123456","","Up","0","-30.087538，-51.038618","2026-01-07 09:20:43","2026-01-07 09:20:43","1","0","160","320","1","0","-","-","-","-","-","-","-","-","-","-"
"","00C4006AB0","123456","","Up","0","-30.08614，-51.038096","2026-01-07 09:21:32","2026-01-07 09:21:32","0","1","159","318","-","-","0","1","-","-","-","-","-","-","-","-"
"","00C4006AB0","123456","","Up","0","-30.08449，-51.037075","2026-01-07 09:22:27","2026-01-07 09:22:27","2","0","161","322","2","0","-","-","-","-","-","-","-","-","-","-"
"","00C4006AB0","123456","","Up","0","-30.082188，-51.035186","2026-01-07 09:24:13","2026-01-07 09:24:13","1","0","162","324","1","0","-","-","-","-","-","-","-","-","-","-"
"","00C4006AB0","123456","","Up","0","-30.082188，-51.035186","2026-01-07 09:24:17","2026-01-07 09:24:17","0","4","158","316","-","-","0","4","-","-","-","-","-","-","-","-"
"","00C4006AB0","123456","","Up","0","-30.081223，-51.034873","2026-01-07 09:26:02","2026-01-07 09:26:02","0","2","156","312","-","-","0","2","-","-","-","-","-","-","-","-"
"","00C4006AB0","123456","","Up","0","-30.081001，-51.032883","2026-01-07 09:26:45","2026-01-07 09:26:46","0","1","155","310","-","-","0","1","-","-","-","-","-","-","-","-"
"","00C4006AB0","123456","","Up","0","-30.080508，-51.03015","2026-01-07 09:28:11","2026-01-07 09:28:12","0","1","154","308","0","1","-","-","-","-","-","-","-","-","-","-"
"","00C4006AB0","123456","","Up","0","-30.080508，-51.03015","2026-01-07 09:28:38","2026-01-07 09:28:38","0","22","132","264","-","-","0","22","-","-","-","-","-","-","-","-"
"","00C4006AB0","123456","","Up","0","-30.080833，-51.028173","2026-01-07 09:29:20","2026-01-07 09:29:20","0","1","131","262","0","1","-","-","-","-","-","-","-","-","-","-"
"","00C4006AB0","123456","","Up","0","-30.080833，-51.028173","2026-01-07 09:29:21","2026-01-07 09:29:21","0","2","129","258","-","-","0","2","-","-","-","-","-","-","-","-"
"","00C4006AB0","123456","","Up","0","-30.081685，-51.025908","2026-01-07 09:30:23","2026-01-07 09:30:23","0","1","128","256","0","1","-","-","-","-","-","-","-","-","-","-"
"","00C4006AB0","123456","","Up","0","-30.081685，-51.025908","2026-01-07 09:31:13","2026-01-07 09:31:13","0","17","111","222","-","-","0","17","-","-","-","-","-","-","-","-"
"","00C4006AB0","123456","","Up","0","-30.079283，-51.025856","2026-01-07 10:40:02","2026-01-07 10:40:12","0","0","111","222","0","0","-","-","-","-","-","-","-","-","-","-"
"","00C4006AB0","123456","","Up","0","-30.079283，-51.025856","2026-01-07 10:40:04","2026-01-07 10:40:12","0","0","111","222","-","-","0","0","-","-","-","-","-","-","-","-"
"","00C4006AB0","123456","","Up","0","-30.079065，-51.025681","2026-01-07 10:40:39","2026-01-07 10:40:40","0","0","111","222","0","0","-","-","-","-","-","-","-","-","-","-"
"","00C4006AB0","123456","","Up","0","-30.078628，-51.0258","2026-01-07 10:41:31","2026-01-07 10:41:31","0","0","111","222","0","0","-","-","-","-","-","-","-","-","-","-"
"","00C4006AB0","123456","","Up","0","-30.078551，-51.025835","2026-01-07 10:41:49","2026-01-07 10:41:49","0","0","111","222","0","0","-","-","-","-","-","-","-","-","-","-"
"","00C4006AB0","123456","","Up","0","-30.078378，-51.025896","2026-01-07 10:43:23","2026-01-07 10:43:24","0","0","111","222","0","0","-","-","-","-","-","-","-","-","-","-"
"","00C4006AB0","123456","","Up","0","-30.07852，-51.025835","2026-01-07 10:43:39","2026-01-07 10:43:39","0","0","111","222","0","0","-","-","-","-","-","-","-","-","-","-"
"","00C4006AB0","123456","","Up","0","-30.078533，-51.025831","2026-01-07 10:43:41","2026-01-07 10:43:41","0","0","111","222","-","-","0","0","-","-","-","-","-","-","-","-"
"","00C4006AB0","123456","","Up","0","-30.07966，-51.026018","2026-01-07 12:50:02","2026-01-07 12:50:01","1","1","111","222","-","-","1","1","-","-","-","-","-","-","-","-"
"","00C4006AB0","123456","","Up","0","-30.07966，-51.026018","2026-01-07 12:50:03","2026-01-07 12:50:02","2","2","111","222","2","2","-","-","-","-","-","-","-","-","-","-"
"","00C4006AB0","123456","","Up","0","-30.07966，-51.026018","2026-01-07 12:50:03","2026-01-07 12:50:02","2","2","111","222","2","2","-","-","-","-","-","-","-","-","-","-"
"","00C4006AB0","123456","","Up","0","-30.078671，-51.025571","2026-01-07 13:31:55","2026-01-07 13:31:54","1","1","111","222","1","1","-","-","-","-","-","-","-","-","-","-"
"","00C4006AB0","123456","","Up","0","-30.078671，-51.025571","2026-01-07 13:31:56","2026-01-07 13:31:55","0","0","111","222","-","-","0","0","-","-","-","-","-","-","-","-"
"","00C4006AB0","123456","","Up","0","-30.080358，-51.024888","2026-01-07 13:52:56","2026-01-07 13:52:55","0","0","111","222","0","0","-","-","-","-","-","-","-","-","-","-"
"","00C4006AB0","123456","","Up","0","-30.080358，-51.024888","2026-01-07 13:53:24","2026-01-07 13:53:23","0","0","111","222","0","0","-","-","-","-","-","-","-","-","-","-"
"","00C4006AB0","123456","","Up","0","-30.080358，-51.024888","2026-01-07 13:54:53","2026-01-07 13:54:52","1","0","112","224","1","0","-","-","-","-","-","-","-","-","-","-"
"","00C4006AB0","123456","","Up","0","-30.081648，-51.02589","2026-01-07 13:58:08","2026-01-07 13:58:07","4","0","116","232","4","0","-","-","-","-","-","-","-","-","-","-"
"","00C4006AB0","123456","","Up","0","-30.081233，-51.016265","2026-01-07 14:01:51","2026-01-07 14:01:50","0","1","115","230","-","-","0","1","-","-","-","-","-","-","-","-"
"","00C4006AB0","123456","","Up","0","-30.083143，-51.009018","2026-01-07 14:03:20","2026-01-07 14:03:19","0","1","114","228","0","1","-","-","-","-","-","-","-","-","-","-"
"","00C4006AB0","123456","","Up","0","-30.084301，-51.005876","2026-01-07 14:04:22","2026-01-07 14:04:22","0","1","113","226","-","-","0","1","-","-","-","-","-","-","-","-"
"","00C4006AB0","123456","","Up","0","-30.080771，-51.002268","2026-01-07 14:05:56","2026-01-07 14:05:55","2","0","115","230","2","0","-","-","-","-","-","-","-","-","-","-"
"","00C4006AB0","123456","","Up","0","-30.080771，-51.002268","2026-01-07 14:05:58","2026-01-07 14:05:58","0","1","114","228","-","-","0","1","-","-","-","-","-","-","-","-"
"","00C4006AB0","123456","","Up","0","-30.080506，-51.00044","2026-01-07 14:06:34","2026-01-07 14:06:34","0","1","113","226","-","-","0","1","-","-","-","-","-","-","-","-"
"","00C4006AB0","123456","","Up","0","-30.079351，-50.99979","2026-01-07 14:07:01","2026-01-07 14:07:00","1","0","114","228","1","0","-","-","-","-","-","-","-","-","-","-"
"","00C4006AB0","123456","","Up","0","-30.076093，-51.001271","2026-01-07 14:08:31","2026-01-07 14:08:30","3","0","117","234","3","0","-","-","-","-","-","-","-","-","-","-"
"","00C4006AB0","123456","","Up","0","-30.078298，-51.001803","2026-01-07 14:10:03","2026-01-07 14:10:29","1","0","118","236","1","0","-","-","-","-","-","-","-","-","-","-"
"","00C4006AB0","123456","","Up","0","-30.080261，-51.002438","2026-01-07 14:10:56","2026-01-07 14:10:56","2","0","123","246","2","0","-","-","-","-","-","-","-","-","-","-"
"","00C4006AB0","123456","","Up","0","-30.08211，-51.005024","2026-01-07 14:12:04","2026-01-07 14:12:21","3","0","126","252","3","0","-","-","-","-","-","-","-","-","-","-"
"","00C4006AB0","123456","","Up","0","-30.082266，-51.010333","2026-01-07 14:14:10","2026-01-07 14:14:10","1","0","127","254","1","0","-","-","-","-","-","-","-","-","-","-"
"","00C4006AB0","123456","","Up","0","-30.081768，-51.013105","2026-01-07 14:14:53","2026-01-07 14:14:53","1","0","128","256","1","0","-","-","-","-","-","-","-","-","-","-"
"","00C4006AB0","123456","","Up","0","-30.08115，-51.016398","2026-01-07 14:15:46","2026-01-07 14:15:45","2","0","130","260","2","0","-","-","-","-","-","-","-","-","-","-"
"","00C4006AB0","123456","","Up","0","-30.08115，-51.016398","2026-01-07 14:15:47","2026-01-07 14:15:46","0","1","129","258","-","-","0","1","-","-","-","-","-","-","-","-"
"","00C4006AB0","123456","","Up","0","-30.080405，-51.017123","2026-01-07 14:16:33","2026-01-07 14:16:33","1","0","130","260","1","0","-","-","-","-","-","-","-","-","-","-"
"","00C4006AB0","123456","","Up","0","-30.079268，-51.019906","2026-01-07 14:18:55","2026-01-07 14:18:54","3","0","133","266","3","0","-","-","-","-","-","-","-","-","-","-"
"","00C4006AB0","123456","","Up","0","-30.080838，-51.025386","2026-01-07 14:20:30","2026-01-07 14:20:29","0","3","130","260","-","-","0","3","-","-","-","-","-","-","-","-"
"","00C4006AB0","123456","","Up","0","-30.080838，-51.025386","2026-01-07 14:22:57","2026-01-07 14:22:56","22","0","152","304","22","0","-","-","-","-","-","-","-","-","-","-"
"","00C4006AB0","123456","","Up","0","-30.080673，-51.028628","2026-01-07 14:23:51","2026-01-07 14:23:50","0","1","151","302","-","-","0","1","-","-","-","-","-","-","-","-"
"","00C4006AB0","123456","","Up","0","-30.080525，-51.030848","2026-01-07 14:25:19","2026-01-07 14:25:19","0","2","149","298","-","-","0","2","-","-","-","-","-","-","-","-"
"","00C4006AB0","123456","","Up","0","-30.080525，-51.030848","2026-01-07 14:25:35","2026-01-07 14:25:34","7","0","156","312","7","0","-","-","-","-","-","-","-","-","-","-"
"","00C4006AB0","123456","","Up","0","-30.080816，-51.032576","2026-01-07 14:26:14","2026-01-07 14:26:13","1","0","157","314","1","0","-","-","-","-","-","-","-","-","-","-"
"","00C4006AB0","123456","","Up","0","-30.081035，-51.034801","2026-01-07 14:26:53","2026-01-07 14:26:52","0","0","157","314","-","-","0","0","-","-","-","-","-","-","-","-"
"","00C4006AB0","123456","","Up","0","-30.081018，-51.034686","2026-01-07 14:26:54","2026-01-07 14:26:53","0","1","156","312","0","1","-","-","-","-","-","-","-","-","-","-"
"","00C4006AB0","123456","","Up","0","-30.079396，-51.037641","2026-01-07 14:27:44","2026-01-07 14:27:43","2","0","158","316","2","0","-","-","-","-","-","-","-","-","-","-"
"","00C4006AB0","123456","","Up","0","-30.07589，-51.045748","2026-01-07 14:29:50","2026-01-07 14:29:50","1","0","159","318","1","0","-","-","-","-","-","-","-","-","-","-"
"","00C4006AB0","123456","","Up","0","-30.07589，-51.045748","2026-01-07 14:29:52","2026-01-07 14:29:52","0","2","157","314","-","-","0","2","-","-","-","-","-","-","-","-"
"","00C4006AB0","123456","","Up","0","-30.078885，-51.050696","2026-01-07 14:30:55","2026-01-07 14:30:55","1","0","158","316","1","0","-","-","-","-","-","-","-","-","-","-"
"","00C4006AB0","123456","","Up","0","-30.08162，-51.052683","2026-01-07 14:31:48","2026-01-07 14:31:47","0","1","157","314","-","-","0","1","-","-","-","-","-","-","-","-"
"","00C4006AB0","123456","","Up","0","-30.083695，-51.054405","2026-01-07 14:32:30","2026-01-07 14:32:30","1","0","158","316","1","0","-","-","-","-","-","-","-","-","-","-"
"","00C4006AB0","123456","","Up","0","-30.083695，-51.054405","2026-01-07 14:32:32","2026-01-07 14:32:32","0","1","157","314","-","-","0","1","-","-","-","-","-","-","-","-"
"","00C4006AB0","123456","","Up","0","-30.086238，-51.057326","2026-01-07 14:33:49","2026-01-07 14:33:48","0","2","155","310","-","-","0","2","-","-","-","-","-","-","-","-"
"","00C4006AB0","123456","","Up","0","-30.086238，-51.057326","2026-01-07 14:33:52","2026-01-07 14:33:51","2","0","157","314","2","0","-","-","-","-","-","-","-","-","-","-"
"","00C4006AB0","123456","","Up","0","-30.088441，-51.059925","2026-01-07 14:34:42","2026-01-07 14:34:42","2","0","159","318","2","0","-","-","-","-","-","-","-","-","-","-"
"","00C4006AB0","123456","","Up","0","-30.088441，-51.059925","2026-01-07 14:34:44","2026-01-07 14:34:44","0","2","157","314","-","-","0","2","-","-","-","-","-","-","-","-"
"","00C4006AB0","123456","","Up","0","-30.090515，-51.062925","2026-01-07 14:35:43","2026-01-07 14:35:41","0","2","155","310","-","-","0","2","-","-","-","-","-","-","-","-"
"","00C4006AB0","123456","","Up","0","-30.092445，-51.064765","2026-01-07 14:36:49","2026-01-07 14:36:48","1","0","156","312","1","0","-","-","-","-","-","-","-","-","-","-"
"","00C4006AB0","123456","","Up","0","-30.09268，-51.066891","2026-01-07 14:37:32","2026-01-07 14:37:31","2","0","158","316","2","0","-","-","-","-","-","-","-","-","-","-"
"","00C4006AB0","123456","","Up","0","-30.09268，-51.066891","2026-01-07 14:37:36","2026-01-07 14:37:36","0","1","157","314","-","-","0","1","-","-","-","-","-","-","-","-"
"","00C4006AB0","123456","","Up","0","-30.092651，-51.070348","2026-01-07 14:38:33","2026-01-07 14:38:32","2","0","159","318","2","0","-","-","-","-","-","-","-","-","-","-"
"","00C4006AB0","123456","","Up","0","-30.092651，-51.070348","2026-01-07 14:38:50","2026-01-07 14:38:49","1","7","153","306","-","-","1","7","-","-","-","-","-","-","-","-"
"","00C4006AB0","123456","","Up","0","-30.092651，-51.070348","2026-01-07 14:39:43","2026-01-07 14:39:42","0","1","152","304","0","1","-","-","-","-","-","-","-","-","-","-"
"","00C4006AB0","123456","","Up","0","-30.09349，-51.077195","2026-01-07 14:41:06","2026-01-07 14:41:05","0","7","145","290","-","-","0","7","-","-","-","-","-","-","-","-"
"","00C4006AB0","123456","","Up","0","-30.09349，-51.077195","2026-01-07 14:41:16","2026-01-07 14:41:15","5","0","150","300","5","0","-","-","-","-","-","-","-","-","-","-"
"","00C4006AB0","123456","","Up","0","-30.094508，-51.079626","2026-01-07 14:42:43","2026-01-07 14:42:43","0","5","145","290","-","-","0","5","-","-","-","-","-","-","-","-"
"","00C4006AB0","123456","","Up","0","-30.094508，-51.079626","2026-01-07 14:42:47","2026-01-07 14:42:46","5","0","150","300","5","0","-","-","-","-","-","-","-","-","-","-"
"","00C4006AB0","123456","","Up","0","-30.089963，-51.088606","2026-01-07 14:45:04","2026-01-07 14:45:04","1","0","151","302","1","0","-","-","-","-","-","-","-","-","-","-"
"","00C4006AB0","123456","","Up","0","-30.089963，-51.088606","2026-01-07 14:45:13","2026-01-07 14:45:12","0","2","149","298","-","-","0","2","-","-","-","-","-","-","-","-"
"","00C4006AB0","123456","","Up","0","-30.088295，-51.09115","2026-01-07 14:45:49","2026-01-07 14:45:48","0","1","148","296","-","-","0","1","-","-","-","-","-","-","-","-"
"","00C4006AB0","123456","","Up","0","-30.082015，-51.09739","2026-01-07 14:47:11","2026-01-07 14:47:10","2","0","150","300","2","0","-","-","-","-","-","-","-","-","-","-"
"","00C4006AB0","123456","","Up","0","-30.082015，-51.09739","2026-01-07 14:47:14","2026-01-07 14:47:14","0","2","148","296","-","-","0","2","-","-","-","-","-","-","-","-"
"","00C4006AB0","123456","","Up","0","-30.08099，-51.099085","2026-01-07 14:47:58","2026-01-07 14:47:58","1","0","149","298","1","0","-","-","-","-","-","-","-","-","-","-"
"","00C4006AB0","123456","","Up","0","-30.08099，-51.099085","2026-01-07 14:48:02","2026-01-07 14:48:02","0","1","149","298","-","-","0","1","-","-","-","-","-","-","-","-"
"","00C4006AB0","123456","","Up","0","-30.080888，-51.101569","2026-01-07 14:48:40","2026-01-07 14:48:39","0","1","147","294","-","-","0","1","-","-","-","-","-","-","-","-"
"","00C4006AB0","123456","","Up","0","-30.080888，-51.101569","2026-01-07 14:48:42","2026-01-07 14:48:42","1","1","147","294","1","1","-","-","-","-","-","-","-","-","-","-"
"","00C4006AB0","123456","","Up","0","-30.07927，-51.10485","2026-01-07 14:49:38","2026-01-07 14:49:37","2","0","149","298","2","0","-","-","-","-","-","-","-","-","-","-"
"","00C4006AB0","123456","","Up","0","-30.07927，-51.10485","2026-01-07 14:49:40","2026-01-07 14:49:40","0","2","147","294","-","-","0","2","-","-","-","-","-","-","-","-"
"","00C4006AB0","123456","","Up","0","-30.078383，-51.106965","2026-01-07 14:50:22","2026-01-07 14:50:21","3","1","149","298","3","1","-","-","-","-","-","-","-","-","-","-"
"","00C4006AB0","123456","","Up","0","-30.078383，-51.106965","2026-01-07 14:50:23","2026-01-07 14:50:22","0","3","146","292","-","-","0","3","-","-","-","-","-","-","-","-"
"","00C4006AB0","123456","","Up","0","-30.078806，-51.116741","2026-01-07 14:52:36","2026-01-07 14:52:36","0","2","144","288","-","-","0","2","-","-","-","-","-","-","-","-"
"","00C4006AB0","123456","","Up","0","-30.078806，-51.116741","2026-01-07 14:52:38","2026-01-07 14:52:37","2","0","146","292","2","0","-","-","-","-","-","-","-","-","-","-"
"","00C4006AB0","123456","","Up","0","-30.078806，-51.116741","2026-01-07 14:54:18","2026-01-07 14:54:17","0","1","145","290","-","-","0","1","-","-","-","-","-","-","-","-"
"","00C4006AB0","123456","","Up","0","-30.078778，-51.117105","2026-01-07 14:54:35","2026-01-07 14:54:35","0","0","145","290","0","0","-","-","-","-","-","-","-","-","-","-"
"","00C4006AB0","123456","","Up","0","-30.071961，-51.139598","2026-01-07 14:57:49","2026-01-07 14:57:49","0","2","143","286","-","-","0","2","-","-","-","-","-","-","-","-"
"","00C4006AB0","123456","","Up","0","-30.066513，-51.150191","2026-01-07 15:00:01","2026-01-07 15:00:00","0","1","143","286","-","-","0","1","-","-","-","-","-","-","-","-"
"","00C4006AB0","123456","","Up","0","-30.062203，-51.164278","2026-01-07 15:03:54","2026-01-07 15:03:53","0","3","139","278","-","-","0","3","-","-","-","-","-","-","-","-"
"","00C4006AB0","123456","","Up","0","-30.06368，-51.178871","2026-01-07 15:06:44","2026-01-07 15:06:43","0","1","138","276","-","-","0","1","-","-","-","-","-","-","-","-"
"","00C4006AB0","123456","","Up","0","-30.063451，-51.185481","2026-01-07 15:08:55","2026-01-07 15:08:55","0","4","134","268","-","-","0","4","-","-","-","-","-","-","-","-"
"","00C4006AB0","123456","","Up","0","-30.063451，-51.185481","2026-01-07 15:09:02","2026-01-07 15:09:02","0","1","133","266","0","1","-","-","-","-","-","-","-","-","-","-"
"","00C4006AB0","123456","","Up","0","-30.061431，-51.189518","2026-01-07 15:10:27","2026-01-07 15:10:27","0","1","132","264","0","1","-","-","-","-","-","-","-","-","-","-"
"","00C4006AB0","123456","","Up","0","-30.061316，-51.189691","2026-01-07 15:10:28","2026-01-07 15:10:27","0","0","132","264","-","-","0","0","-","-","-","-","-","-","-","-"
"","00C4006AB0","123456","","Up","0","-30.058686，-51.19417","2026-01-07 15:11:29","2026-01-07 15:11:28","1","0","133","266","-","-","1","0","-","-","-","-","-","-","-","-"
"","00C4006AB0","123456","","Up","0","-30.056573，-51.197451","2026-01-07 15:12:47","2026-01-07 15:12:45","0","1","132","264","-","-","0","1","-","-","-","-","-","-","-","-"
"","00C4006AB0","123456","","Up","0","-30.052436，-51.205626","2026-01-07 15:14:47","2026-01-07 15:14:47","0","1","131","262","-","-","0","1","-","-","-","-","-","-","-","-"
"","00C4006AB0","123456","","Up","0","-30.044821，-51.213625","2026-01-07 15:20:24","2026-01-07 15:20:23","1","0","132","264","1","0","-","-","-","-","-","-","-","-","-","-"
"","00C4006AB0","123456","","Up","0","-30.042003，-51.21573","2026-01-07 15:21:13","2026-01-07 15:21:12","0","1","131","262","0","1","-","-","-","-","-","-","-","-","-","-"
"","00C4006AB0","123456","","Up","0","-30.041875，-51.21583","2026-01-07 15:21:14","2026-01-07 15:21:14","0","0","131","262","-","-","0","0","-","-","-","-","-","-","-","-"
"","00C4006AB0","123456","","Up","0","-30.037668，-51.219103","2026-01-07 15:22:37","2026-01-07 15:22:36","0","1","130","260","-","-","0","1","-","-","-","-","-","-","-","-"
"","00C4006AB0","123456","","Up","0","-30.033248，-51.218679","2026-01-07 15:25:56","2026-01-07 15:25:55","0","1","129","258","-","-","0","1","-","-","-","-","-","-","-","-"
"","00C4006AB0","123456","","Up","0","-30.023615，-51.220048","2026-01-07 15:27:50","2026-01-07 15:27:49","0","1","128","256","0","1","-","-","-","-","-","-","-","-","-","-"
"","00C4006AB0","123456","","Up","0","-30.023615，-51.220048","2026-01-07 15:27:53","2026-01-07 15:27:53","0","2","126","252","-","-","0","2","-","-","-","-","-","-","-","-"
"","00C4006AB0","123456","","Up","0","-30.026631，-51.221525","2026-01-07 15:31:26","2026-01-07 15:31:25","0","3","123","246","0","3","-","-","-","-","-","-","-","-","-","-"
"","00C4006AB0","123456","","Up","0","-30.026631，-51.221525","2026-01-07 15:31:28","2026-01-07 15:31:27","0","9","114","228","-","-","0","9","-","-","-","-","-","-","-","-"
"","00C4006AB0","123456","","Up","0","-30.026581，-51.221793","2026-01-07 15:32:28","2026-01-07 15:32:27","1","0","115","230","1","0","-","-","-","-","-","-","-","-","-","-"
"","00C4006AB0","123456","","Up","0","-30.026585，-51.22217","2026-01-07 15:50:40","2026-01-07 15:50:38","3","2","116","232","-","-","3","2","-","-","-","-","-","-","-","-"
"","00C4006AB0","123456","","Up","0","-30.026585，-51.22217","2026-01-07 16:00:00","2026-01-07 15:59:58","20","1","135","270","20","1","-","-","-","-","-","-","-","-","-","-"
"","00C4006AB0","123456","","Up","0","-30.028016，-51.232303","2026-01-07 16:04:15","2026-01-07 16:04:14","4","0","139","278","4","0","-","-","-","-","-","-","-","-","-","-"
"","00C4006AB0","123456","","Up","0","-30.02991，-51.236246","2026-01-07 16:05:29","2026-01-07 16:05:28","1","0","140","280","1","0","-","-","-","-","-","-","-","-","-","-"
"","00C4006AB0","123456","","Up","0","-30.033746，-51.240346","2026-01-07 16:06:52","2026-01-07 16:06:51","2","0","142","284","2","0","-","-","-","-","-","-","-","-","-","-"
"","00C4006AB0","123456","","Up","0","-30.033746，-51.240346","2026-01-07 16:06:53","2026-01-07 16:06:52","0","1","141","282","-","-","0","1","-","-","-","-","-","-","-","-"
"","00C4006AB0","123456","","Up","0","-30.037565，-51.231626","2026-01-07 16:10:36","2026-01-07 16:10:35","2","0","143","286","2","0","-","-","-","-","-","-","-","-","-","-"
"","00C4006AB0","123456","","Up","0","-30.03766，-51.225528","2026-01-07 16:12:43","2026-01-07 16:12:41","1","0","144","288","1","0","-","-","-","-","-","-","-","-","-","-"
"","00C4006AB0","123456","","Up","0","-30.039665，-51.223455","2026-01-07 16:14:05","2026-01-07 16:14:04","1","0","144","288","1","0","-","-","-","-","-","-","-","-","-","-"
"","00C4006AB0","123456","","Up","0","-30.042718，-51.218896","2026-01-07 16:15:19","2026-01-07 16:15:18","1","0","146","292","1","0","-","-","-","-","-","-","-","-","-","-"
"","00C4006AB0","123456","","Up","0","-30.041676，-51.217206","2026-01-07 16:16:37","2026-01-07 16:16:36","1","0","147","294","1","0","-","-","-","-","-","-","-","-","-","-"
"","00C4006AB0","123456","","Up","0","-30.04297，-51.214973","2026-01-07 16:18:52","2026-01-07 16:18:51","3","0","150","300","3","0","-","-","-","-","-","-","-","-","-","-"
"","00C4006AB0","123456","","Up","0","-30.045763，-51.213946","2026-01-07 16:19:50","2026-01-07 16:19:49","2","1","151","302","2","1","-","-","-","-","-","-","-","-","-","-"
"","00C4006AB0","123456","","Up","0","-30.049883，-51.213056","2026-01-07 16:22:44","2026-01-07 16:22:43","4","0","155","310","4","0","-","-","-","-","-","-","-","-","-","-"
"","00C4006AB0","123456","","Up","0","-30.050548，-51.212336","2026-01-07 16:23:55","2026-01-07 16:23:54","1","0","156","312","1","0","-","-","-","-","-","-","-","-","-","-"
"","00C4006AB0","123456","","Up","0","-30.052906，-51.204383","2026-01-07 16:26:03","2026-01-07 16:26:02","3","0","159","318","3","0","-","-","-","-","-","-","-","-","-","-"
"","00C4006AB0","123456","","Up","0","-30.059416，-51.192923","2026-01-07 16:29:36","2026-01-07 16:29:35","1","0","160","320","1","0","-","-","-","-","-","-","-","-","-","-"
"","00C4006AB0","123456","","Up","0","-30.06228，-51.187843","2026-01-07 16:31:32","2026-01-07 16:31:31","0","1","159","318","-","-","0","1","-","-","-","-","-","-","-","-"
"","00C4006AB0","123456","","Up","0","-30.063296，-51.185888","2026-01-07 16:33:00","2026-01-07 16:32:59","1","0","160","320","1","0","-","-","-","-","-","-","-","-","-","-"
"","00C4006AB0","123456","","Up","0","-30.062731，-51.177971","2026-01-07 16:34:45","2026-01-07 16:34:44","1","0","161","322","1","0","-","-","-","-","-","-","-","-","-","-"
"","00C4006AB0","123456","","Up","0","-30.06216，-51.16463","2026-01-07 16:38:25","2026-01-07 16:38:24","2","0","163","326","2","0","-","-","-","-","-","-","-","-","-","-"
"","00C4006AB0","123456","","Up","0","-30.063456，-51.159843","2026-01-07 16:39:43","2026-01-07 16:39:42","3","0","166","332","3","0","-","-","-","-","-","-","-","-","-","-"
"","00C4006AB0","123456","","Up","0","-30.066731，-51.149826","2026-01-07 16:43:14","2026-01-07 16:43:13","4","0","170","340","4","0","-","-","-","-","-","-","-","-","-","-"
"","00C4006AB0","123456","","Up","0","-30.075383，-51.134308","2026-01-07 16:46:10","2026-01-07 16:46:09","1","0","171","342","1","0","-","-","-","-","-","-","-","-","-","-"
"","00C4006AB0","123456","","Up","0","-30.079021，-51.116493","2026-01-07 16:49:29","2026-01-07 16:49:27","0","0","171","342","-","-","0","0","-","-","-","-","-","-","-","-"
"","00C4006AB0","123456","","Up","0","-30.079095，-51.116088","2026-01-07 16:50:11","2026-01-07 16:50:10","1","1","171","342","1","1","-","-","-","-","-","-","-","-","-","-"
"","00C4006AB0","123456","","Up","0","-30.079095，-51.116088","2026-01-07 16:51:26","2026-01-07 16:51:24","1","1","171","342","1","1","-","-","-","-","-","-","-","-","-","-"
"","00C4006AB0","123456","","Up","0","-30.078748，-51.106373","2026-01-07 16:53:25","2026-01-07 16:53:23","0","2","169","338","-","-","0","2","-","-","-","-","-","-","-","-"
"","00C4006AB0","123456","","Up","0","-30.080505，-51.10331","2026-01-07 16:54:12","2026-01-07 16:54:11","0","1","168","336","0","1","-","-","-","-","-","-","-","-","-","-"
"","00C4006AB0","123456","","Up","0","-30.080505，-51.10331","2026-01-07 16:54:16","2026-01-07 16:54:15","0","1","167","334","-","-","0","1","-","-","-","-","-","-","-","-"
"","00C4006AB0","123456","","Up","0","-30.08093，-51.100911","2026-01-07 16:55:02","2026-01-07 16:55:00","0","1","166","332","-","-","0","1","-","-","-","-","-","-","-","-"
"","00C4006AB0","123456","","Up","0","-30.082271，-51.097418","2026-01-07 16:56:18","2026-01-07 16:56:16","1","0","167","334","1","0","-","-","-","-","-","-","-","-","-","-"
"","00C4006AB0","123456","","Up","0","-30.082271，-51.097418","2026-01-07 16:56:30","2026-01-07 16:56:28","0","2","165","330","-","-","0","2","-","-","-","-","-","-","-","-"
"","00C4006AB0","123456","","Up","0","-30.084045，-51.095803","2026-01-07 16:57:11","2026-01-07 16:57:09","0","2","163","326","-","-","0","2","-","-","-","-","-","-","-","-"
"","00C4006AB0","123456","","Up","0","-30.086021，-51.094055","2026-01-07 16:57:48","2026-01-07 16:57:47","0","1","162","324","-","-","0","1","-","-","-","-","-","-","-","-"
"","00C4006AB0","123456","","Up","0","-30.08859，-51.091086","2026-01-07 17:00:40","2026-01-07 17:00:40","4","1","165","330","4","1","-","-","-","-","-","-","-","-","-","-"
"","00C4006AB0","123456","","Up","0","-30.08859，-51.091086","2026-01-07 17:00:57","2026-01-07 17:00:56","0","1","164","328","-","-","0","1","-","-","-","-","-","-","-","-"
"","00C4006AB0","123456","","Up","0","-30.090135，-51.088638","2026-01-07 17:01:40","2026-01-07 17:01:39","0","3","161","322","-","-","0","3","-","-","-","-","-","-","-","-"
"","00C4006AB0","123456","","Up","0","-30.09471，-51.080841","2026-01-07 17:03:55","2026-01-07 17:03:54","1","3","159","318","1","3","-","-","-","-","-","-","-","-","-","-"
"","00C4006AB0","123456","","Up","0","-30.09471，-51.080841","2026-01-07 17:03:58","2026-01-07 17:03:57","0","5","154","308","-","-","0","5","-","-","-","-","-","-","-","-"
"","00C4006AB0","123456","","Up","0","-30.094786，-51.080645","2026-01-07 17:04:54","2026-01-07 17:04:53","0","1","153","306","0","1","-","-","-","-","-","-","-","-","-","-"
"","00C4006AB0","123456","","Up","0","-30.093465，-51.076431","2026-01-07 17:06:06","2026-01-07 17:06:05","1","0","154","308","1","0","-","-","-","-","-","-","-","-","-","-"
"","00C4006AB0","123456","","Up","0","-30.093465，-51.076431","2026-01-07 17:06:08","2026-01-07 17:06:07","0","1","153","306","-","-","0","1","-","-","-","-","-","-","-","-"
"","00C4006AB0","123456","","Up","0","-30.092868，-51.069846","2026-01-07 17:08:07","2026-01-07 17:08:05","0","1","152","304","-","-","0","1","-","-","-","-","-","-","-","-"
"","00C4006AB0","123456","","Up","0","-30.092825，-51.066636","2026-01-07 17:09:01","2026-01-07 17:08:59","0","6","146","292","-","-","0","6","-","-","-","-","-","-","-","-"
"","00C4006AB0","123456","","Up","0","-30.090588，-51.06266","2026-01-07 17:10:33","2026-01-07 17:10:31","0","6","140","280","-","-","0","6","-","-","-","-","-","-","-","-"
"","00C4006AB0","123456","","Up","0","-30.08841，-51.059623","2026-01-07 17:11:19","2026-01-07 17:11:17","0","1","139","278","-","-","0","1","-","-","-","-","-","-","-","-"
"","00C4006AB0","123456","","Up","0","-30.086031，-51.056381","2026-01-07 17:12:35","2026-01-07 17:12:35","1","0","140","280","1","0","-","-","-","-","-","-","-","-","-","-"
"","00C4006AB0","123456","","Up","0","-30.086031，-51.056381","2026-01-07 17:12:40","2026-01-07 17:12:39","0","3","137","274","-","-","0","3","-","-","-","-","-","-","-","-"
"","00C4006AB0","123456","","Up","0","-30.076278，-51.04534","2026-01-07 17:15:05","2026-01-07 17:15:04","0","0","137","274","-","-","0","0","-","-","-","-","-","-","-","-"
"","00C4006AB0","123456","","Up","0","-30.076278，-51.04534","2026-01-07 17:15:13","2026-01-07 17:15:12","1","0","138","276","1","0","-","-","-","-","-","-","-","-","-","-"
"","00C4006AB0","123456","","Up","0","-30.0822，-51.035155","2026-01-07 17:19:34","2026-01-07 17:19:33","0","3","135","270","-","-","0","3","-","-","-","-","-","-","-","-"
"","00C4006AB0","123456","","Up","0","-30.0822，-51.035155","2026-01-07 17:19:35","2026-01-07 17:19:33","2","0","137","274","2","0","-","-","-","-","-","-","-","-","-","-"
"","00C4006AB0","123456","","Up","0","-30.081216，-51.034938","2026-01-07 17:21:36","2026-01-07 17:21:34","1","0","138","276","1","0","-","-","-","-","-","-","-","-","-","-"
"","00C4006AB0","123456","","Up","0","-30.080485，-51.030114","2026-01-07 17:22:53","2026-01-07 17:22:51","0","2","136","272","-","-","0","2","-","-","-","-","-","-","-","-"
"","00C4006AB0","123456","","Up","0","-30.081665，-51.025883","2026-01-07 17:25:01","2026-01-07 17:25:00","0","3","133","266","-","-","0","3","-","-","-","-","-","-","-","-"
"","00C4006AB0","123456","","Up","0","-30.081665，-51.025883","2026-01-07 17:25:30","2026-01-07 17:25:29","10","0","143","286","10","0","-","-","-","-","-","-","-","-","-","-"
"","00C4006AB0","123456","","Up","0","-30.080898，-51.018525","2026-01-07 17:28:01","2026-01-07 17:28:00","2","0","143","286","2","0","-","-","-","-","-","-","-","-","-","-"
"","00C4006AB0","123456","","Up","0","-30.080395，-51.017118","2026-01-07 17:29:08","2026-01-07 17:29:06","0","1","144","288","-","-","0","1","-","-","-","-","-","-","-","-"
"","00C4006AB0","123456","","Up","0","-30.074693，-51.015923","2026-01-07 17:30:27","2026-01-07 17:30:26","0","2","142","284","0","2","-","-","-","-","-","-","-","-","-","-"
"","00C4006AB0","123456","","Up","0","-30.074693，-51.015923","2026-01-07 17:30:30","2026-01-07 17:30:29","0","4","138","276","-","-","0","4","-","-","-","-","-","-","-","-"
"","00C4006AB0","123456","","Up","0","-30.060505，-51.016116","2026-01-07 17:34:12","2026-01-07 17:34:10","0","3","135","270","-","-","0","3","-","-","-","-","-","-","-","-"
"","00C4006AB0","123456","","Up","0","-30.059928，-51.019066","2026-01-07 17:35:15","2026-01-07 17:35:14","0","2","133","266","-","-","0","2","-","-","-","-","-","-","-","-"
"","00C4006AB0","123456","","Up","0","-30.059186，-51.019733","2026-01-07 17:35:54","2026-01-07 17:35:53","0","1","132","264","-","-","0","1","-","-","-","-","-","-","-","-"
"","00C4006AB0","123456","","Up","0","-30.058933，-51.020926","2026-01-07 17:36:35","2026-01-07 17:36:34","0","2","130","260","-","-","0","2","-","-","-","-","-","-","-","-"
"","00C4006AB0","123456","","Up","0","-30.056598，-51.021338","2026-01-07 17:37:40","2026-01-07 17:37:38","0","8","122","244","-","-","0","8","-","-","-","-","-","-","-","-"
"","00C4006AB0","123456","","Up","0","-30.057718，-51.02034","2026-01-07 17:38:40","2026-01-07 17:38:38","0","1","121","242","-","-","0","1","-","-","-","-","-","-","-","-"
"","00C4006AB0","123456","","Up","0","-30.058138，-51.016636","2026-01-07 17:39:46","2026-01-07 17:39:45","0","4","117","234","-","-","0","4","-","-","-","-","-","-","-","-"
"","00C4006AB0","123456","","Up","0","-30.055221，-51.012895","2026-01-07 17:41:34","2026-01-07 17:41:32","0","1","116","232","-","-","0","1","-","-","-","-","-","-","-","-"
"","00C4006AB0","123456","","Up","0","-30.053806，-51.012985","2026-01-07 17:46:14","2026-01-07 17:46:13","1","1","116","232","1","1","-","-","-","-","-","-","-","-","-","-"
"","00C4006AB0","123456","","Up","0","-30.055465，-51.013055","2026-01-07 17:47:50","2026-01-07 17:47:48","2","0","118","236","2","0","-","-","-","-","-","-","-","-","-","-"
"","00C4006AB0","123456","","Up","0","-30.060811，-51.014953","2026-01-07 17:49:19","2026-01-07 17:49:19","1","0","119","238","1","0","-","-","-","-","-","-","-","-","-","-"
"","00C4006AB0","123456","","Up","0","-30.071841，-51.020613","2026-01-07 17:52:47","2026-01-07 17:52:46","0","0","119","238","0","0","-","-","-","-","-","-","-","-","-","-"
"","00C4006AB0","123456","","Up","0","-30.080461，-51.024338","2026-01-07 17:56:06","2026-01-07 17:56:05","0","2","117","234","-","-","0","2","-","-","-","-","-","-","-","-"
"","00C4006AB0","123456","","Up","0","-30.080461，-51.024338","2026-01-07 17:56:07","2026-01-07 17:56:05","0","1","116","232","0","1","-","-","-","-","-","-","-","-","-","-"
"Total","","","","","","","","","362","343","","","-","-","-","-","-","-","-","-","-","-","-","-"
